"CO_TIPO_UNIDADE";"DS_TIPO_UNIDADE"
"69";"CENTRO DE ATENCAO HEMOTERAPIA E OU HEMATOLOGICA"
"70";"CENTRO DE ATENCAO PSICOSSOCIAL"
"71";"CENTRO DE APOIO A SAUDE DA FAMILIA"
"72";"UNIDADE DE ATENCAO A SAUDE INDIGENA"
"01";"POSTO DE SAUDE"
"02";"CENTRO DE SAUDE/UNIDADE BASICA"
"04";"POLICLINICA"
"22";"CONSULTORIO ISOLADO"
"40";"UNIDADE MOVEL TERRESTRE"
"42";"UNIDADE MOVEL DE NIVEL PRE-HOSPITALAR NA AREA DE URGENCIA"
"32";"UNIDADE MOVEL FLUVIAL"
"36";"CLINICA/CENTRO DE ESPECIALIDADE"
"64";"CENTRAL DE REGULACAO DE SERVICOS DE SAUDE"
"43";"FARMACIA"
"39";"UNIDADE DE APOIO DIAGNOSE E TERAPIA (SADT ISOLADO)"
"61";"CENTRO DE PARTO NORMAL - ISOLADO"
"62";"HOSPITAL/DIA - ISOLADO"
"15";"UNIDADE MISTA"
"20";"PRONTO SOCORRO GERAL"
"21";"PRONTO SOCORRO ESPECIALIZADO"
"05";"HOSPITAL GERAL"
"07";"HOSPITAL ESPECIALIZADO"
"60";"COOPERATIVA OU EMPRESA DE CESSAO DE TRABALHADORES NA SAUDE"
"50";"UNIDADE DE VIGILANCIA EM SAUDE"
"67";"LABORATORIO CENTRAL DE SAUDE PUBLICA LACEN"
"68";"CENTRAL DE GESTAO EM SAUDE"
"73";"PRONTO ATENDIMENTO"
"82";"CENTRAL DE NOTIFICACAO,CAPTACAO E DISTRIB DE ORGAOS ESTADUAL"
"75";"TELESSAUDE"
"80";"LABORATORIO DE SAUDE PUBLICA"
"78";"UNIDADE DE ATENCAO EM REGIME RESIDENCIAL"
"74";"POLO ACADEMIA DA SAUDE"
"83";"POLO DE PREVENCAO DE DOENCAS E AGRAVOS E PROMOCAO DA SAUDE"
"77";"SERVICO DE ATENCAO DOMICILIAR ISOLADO(HOME CARE)"
"76";"CENTRAL DE REGULACAO MEDICA DAS URGENCIAS"
"79";"OFICINA ORTOPEDICA"
"81";"CENTRAL DE REGULACAO DO ACESSO"
